,FSP.1,FSW.1,SSP.1,SSW.1,ACE.1,DBF.1,WNR.1,UFE.1,BPC.1,BPW.1,NPA.1,NPW.1,FSP.2,FSW.2,SSP.2,SSW.2,ACE.2,DBF.2,WNR.2,UFE.2,BPC.2,BPW.2,NPA.2,NPW.2
count,932.0,932.0,932.0,932.0,932.0,932.0,932.0,932.0,932.0,932.0,932.0,932.0,932.0,932.0,932.0,932.0,932.0,932.0,932.0,932.0,932.0,932.0,932.0,932.0
mean,62.297210300429185,39.041845493562235,37.74570815450644,16.82296137339056,6.067596566523605,3.652360515021459,28.659871244635195,27.680257510729614,5.343347639484978,7.1587982832618025,15.586909871244636,17.402896995708154,62.01609442060086,38.913090128755364,38.00536480686695,17.03540772532189,5.9281115879828326,3.782188841201717,29.052575107296136,28.174356223175966,5.252145922746781,7.140557939914163,16.009656652360515,17.766094420600858
std,7.900201410557181,17.405548951179092,7.896261663771513,8.59519191067428,5.9292953101241785,2.6466371680936587,15.29976794698288,13.435317324071407,3.9938363837971957,5.123868228398824,11.445098965646212,11.25137357305604,8.12448518297559,17.477927166117045,8.136389277745876,8.719142708148148,5.992851405303856,2.728058514710047,14.907319254921212,14.404726709390117,3.827054141628861,5.030795273584149,11.9377598707017,12.434879074520568
min,38.0,8.0,14.0,1.0,0.0,0.0,0.0,0.0,0.0,0.0,0.0,0.0,39.0,6.0,7.0,1.0,0.0,0.0,0.0,0.0,0.0,0.0,0.0,0.0
25%,57.0,26.0,33.0,10.0,2.0,2.0,17.0,18.75,2.75,3.0,8.0,9.0,57.0,26.0,33.0,11.0,2.0,2.0,18.0,18.0,2.0,3.0,8.0,9.0
50%,62.0,37.0,38.0,15.0,4.0,3.0,28.0,29.0,5.0,6.0,13.0,15.0,62.0,36.5,38.0,16.0,4.0,3.0,29.0,29.0,5.0,6.0,13.0,15.0
75%,67.25,49.25,43.0,22.0,8.0,5.0,35.0,33.0,7.0,10.0,20.0,23.0,67.0,49.0,43.25,22.0,9.0,5.0,36.0,35.0,7.0,10.25,20.0,23.0
max,86.0,109.0,62.0,52.0,41.0,18.0,111.0,89.0,25.0,28.0,96.0,63.0,93.0,132.0,61.0,57.0,39.0,18.0,95.0,96.0,25.0,26.0,82.0,81.0
